CustomerID,Name,Email,Phone_Number,Address,JOIN_Date,Start_Date,End_Date,Is_Current
16324,Jennifer Harris,upd_michael77@example.net,001-438-988-5271x923,"323 Yoder Place East Katherinemouth, NM 43638",2/3/2025,4/1/2025,,1
13094,Lisa Morris,upd_brandtscott@example.org,459.507.0988,"85587 Cook Flats Jamesfurt, AS 96155",3/6/2025,4/1/2025,,1
13483,Jesus Cochran,upd_natalie29@example.com,001-911-846-8022,"57000 Nancy Crescent Apt. 310 Allenborough, CT 33116",1/18/2025,4/1/2025,,1
13819,Jacqueline Russo,upd_littlejamie@example.org,661.959.6302,"827 Janet Port Apt. 218 Espinozafort, PW 44894",1/9/2025,4/1/2025,,1
16871,Curtis Smith,upd_carlos92@example.com,917.534.0110,"4373 Gordon Tunnel Carmenshire, NE 95804",1/10/2025,4/1/2025,,1
16201,Rachel Hall,upd_ppowers@example.org,3504375705,"0650 Hall Extension Apt. 334 Smithburgh, LA 39005",1/13/2025,4/1/2025,,1
16361,Jessica Alexander,upd_wilsonjustin@example.org,-4568,"PSC 4826, Box 9054 APO AE 65542",1/25/2025,4/1/2025,,1
15184,Justin Parrish,upd_rachel20@example.org,747-565-9859,"2617 Bush Squares Suite 036 Jermainemouth, MA 82286",3/14/2025,4/1/2025,,1
15197,Shannon Brown,upd_hullrussell@example.net,-6905,"99217 Julia Garden Robertview, RI 02018",1/15/2025,4/1/2025,,1
16221,David Vega,upd_averysheila@example.com,(651)570-7927x050,"47486 John Stravenue South Joelburgh, SD 88088",1/20/2025,4/1/2025,,1
15821,Melanie Smith DDS,upd_ralphlewis@example.net,-1947,"7616 Kaitlyn Flats Apt. 553 New Alicia, WV 43938",2/1/2025,4/1/2025,,1
17166,Nicholas Hall,upd_richardsonbruce@example.com,001-936-283-3553x33522,"4852 Joseph Village Meyerschester, PA 34260",1/20/2025,4/1/2025,,1
13343,Nichole Buchanan,upd_martha94@example.net,(987)496-2427x50241,"92698 Gray Lakes South Edward, NC 22126",3/17/2025,4/1/2025,,1
16318,Ashley Chang,upd_uquinn@example.com,512.415.4760x36146,"8798 Lucas Valley Nicoletown, WA 23641",2/20/2025,4/1/2025,,1
13299,William Massey,upd_brendacoleman@example.com,338-306-9099x221,"PSC 1878, Box 0974 APO AA 27274",3/8/2025,4/1/2025,,1
16618,Henry Wilson,upd_elizabeth01@example.com,676-753-4633,"6594 Baker Brooks Apt. 716 Lake Sheilafort, ID 64597",3/26/2025,4/1/2025,,1
15951,Jenny Miller,upd_brandonmercado@example.com,+1-378-264-6903x15230,"PSC 8969, Box 1943 APO AE 93969",3/29/2025,4/1/2025,,1
17317,Thomas Sosa,upd_johnsonlonnie@example.com,802-359-0363,"527 Jennifer Light Palmerberg, OH 20301",3/30/2025,4/1/2025,,1
18120,Sean Mendoza,upd_gordonkeith@example.org,612-247-6675x190,"4551 Davis Forest Apt. 998 North Zachary, CA 84515",3/1/2025,4/1/2025,,1
12738,Jimmy Johnson,upd_candace51@example.net,(609)236-7497x6753,"821 Harris Plains Tiffanyberg, MD 29352",1/24/2025,4/1/2025,,1
16422,Alexander Johnson,upd_richardhendrix@example.net,001-589-314-7687x46418,"692 Wilkins Court Apt. 260 New Martha, PR 51806",1/19/2025,4/1/2025,,1
14457,Kathleen Miller,upd_paulachurch@example.com,655-601-2624,"123 Delacruz Island New Derekberg, OR 98288",2/21/2025,4/1/2025,,1
14407,Wendy Moore,upd_marcus88@example.net,7359992657,"4034 Thomas Parkways Alexbury, NY 32436",3/6/2025,4/1/2025,,1
13294,Monica Patel,upd_gillespiemichelle@example.com,603-480-0017x9634,Unit 6786 Box 6157 DPO AE 76759,4/1/2025,4/1/2025,,1
18035,Christine Gardner,upd_henry43@example.org,549.644.2653x762,"PSC 5821, Box 4049 APO AA 07029",1/27/2025,4/1/2025,,1
17030,David Wilson,upd_josephcarroll@example.com,898-825-2817x36891,"90467 White Groves Apt. 031 West Jessica, MS 07231",3/15/2025,4/1/2025,,1
17885,Alexander Rodriguez,upd_browngregory@example.com,(543)567-1812x61618,"50140 Michael Village Davisstad, FL 19934",1/7/2025,4/1/2025,,1
14163,Kayla Perez,upd_benjamingordon@example.org,001-460-497-9323x139,"88831 Johnson Causeway Suite 076 North Brandonstad, MT 10763",2/5/2025,4/1/2025,,1
15570,Kevin Brown,upd_ruizcarol@example.net,275-894-7551,"34523 Ballard Alley Matthewport, NC 04007",1/17/2025,4/1/2025,,1
14576,Michael Mitchell,upd_mcneilrenee@example.org,6906499801,"475 Glenn Island Martinmouth, MS 72634",3/9/2025,4/1/2025,,1
12617,Travis Payne DVM,upd_fpope@example.com,001-349-611-7306x9555,"732 Cooper Locks East Carlos, GU 73839",3/16/2025,4/1/2025,,1
15993,Samantha Lloyd,upd_gwhite@example.net,(988)201-4804x830,"328 Eaton Harbors Apt. 765 South Christopherchester, WY 05969",3/4/2025,4/1/2025,,1
15510,Roberto Moore,upd_rdavis@example.org,001-598-976-5451,"07170 Jared Centers Apt. 144 Stephenshire, NY 71295",3/26/2025,4/1/2025,,1
15143,Jill Saunders,upd_xmitchell@example.net,+1-734-625-8943x53373,"513 Wood Meadows New Stephen, MD 19484",1/1/2025,4/1/2025,,1
14549,Mary Morrison,upd_aguilarcynthia@example.org,(530)978-6151x712,"54574 Emily Stream Suite 036 Winterschester, PA 22925",1/2/2025,4/1/2025,,1
14013,William Nash,upd_josephshea@example.com,246-684-2270x191,"36397 Nicole Fork Vazquezside, NJ 19686",1/7/2025,4/1/2025,,1
18198,Kayla Santos,upd_jeremy38@example.net,431-307-6479x036,"329 Diana Lights Suite 064 Tuckerborough, KY 76020",1/11/2025,4/1/2025,,1
13328,David Jackson,upd_ehernandez@example.com,-9713,"11124 Christina Via Port James, IA 52503",1/18/2025,4/1/2025,,1
13715,Natalie Carter,upd_kbrown@example.org,904-915-3195,"PSC 5777, Box 0919 APO AE 34704",1/11/2025,4/1/2025,,1
16613,Sheryl Woods,upd_jeff94@example.net,605.240.5891,"71232 Tyler Hills Apt. 443 Smithberg, OR 71485",2/2/2025,4/1/2025,,1
13587,Michael Wong,upd_paulwalker@example.org,311-235-7283x588,"66921 Ryan Trail Suite 763 West Marilynbury, ID 37144",2/21/2025,4/1/2025,,1
17075,Joseph Peters,upd_donnacollins@example.net,001-924-401-4947,"25763 Washington Keys Suite 961 New Josephhaven, GU 53894",2/19/2025,4/1/2025,,1
12424,Trevor Brewer,upd_terri28@example.com,(395)241-5789x56943,"56957 Jeanne Cove Suite 783 Krystalfort, PW 47290",2/7/2025,4/1/2025,,1
14555,Michael Rojas,upd_yfranklin@example.org,001-474-461-4599x35486,"019 Jason Alley Apt. 148 Nicholaston, CA 66479",1/26/2025,4/1/2025,,1
12364,Larry Hess,upd_meyerjennifer@example.com,001-626-971-5766,"556 Schmidt Gateway Apt. 111 Kaneton, NM 59573",2/11/2025,4/1/2025,,1
16445,Anthony Massey,upd_ubrown@example.com,(706)739-2229x7436,"32566 Theresa Lakes Suite 813 Stanleyshire, UT 87777",3/1/2025,4/1/2025,,1
16042,Charles Harris,upd_christiandanielle@example.org,001-302-255-5913,"64151 Charles Orchard Port Bryan, FM 23289",1/20/2025,4/1/2025,,1
12930,Joseph Lopez,upd_dbridges@example.net,327-254-3895,"025 Wilkinson Lodge Apt. 169 Williamtown, GU 04696",2/27/2025,4/1/2025,,1
17763,Lisa Rogers,upd_christina94@example.net,(330)856-0464x96748,"946 Vincent Plaza Apt. 969 Gardnerstad, ME 86888",1/21/2025,4/1/2025,,1
13675,Jessica Duarte DVM,upd_nraymond@example.net,001-329-557-0630x770,"66045 Butler Canyon Suite 454 Garciaside, ID 85308",1/25/2025,4/1/2025,,1
16255,Kristie Vasquez,upd_danielross@example.net,544.332.9050,"949 Browning Meadows Taylormouth, ID 54058",1/10/2025,4/1/2025,,1
13170,Deborah Lowe,upd_obenson@example.com,3812427098,"PSC 7811, Box 3134 APO AE 92839",3/1/2025,4/1/2025,,1
13591,Mr. Geoffrey Nelson,upd_ricardo56@example.net,565-215-0713x94333,"454 Jack Parkways Ericstad, HI 63410",2/2/2025,4/1/2025,,1
12512,Daniel Rogers,upd_nlee@example.com,(288)940-4164x53130,Unit 5034 Box 1825 DPO AA 73143,2/12/2025,4/1/2025,,1
15214,Kristina Ingram,upd_frazierscott@example.com,001-455-713-4335,USCGC Taylor FPO AA 56218,3/15/2025,4/1/2025,,1
17362,Joshua Estrada,upd_taylorjacob@example.com,(874)273-7576,"0153 White Cove Suite 617 Jamesville, AL 44507",1/31/2025,4/1/2025,,1
17585,Douglas Sweeney,upd_allison97@example.net,-1118,"PSC 7023, Box 1904 APO AP 90482",1/31/2025,4/1/2025,,1
12455,Chad Hubbard,upd_tracy28@example.net,001-988-255-3862x492,"5145 Joshua Plain Apt. 820 Michaelland, AK 78543",2/3/2025,4/1/2025,,1
17573,Cheryl Garcia,upd_erin18@example.com,(758)881-8532x8626,"4678 Carolyn Loop Lesliechester, NH 20079",1/3/2025,4/1/2025,,1
12461,Christina Lam,upd_samuel91@example.net,+1-657-729-1463x3734,"80779 Duke Drive South Franklin, IL 66035",3/24/2025,4/1/2025,,1
15300,Mitchell Brooks,upd_alyssasavage@example.net,+1-806-330-9527x6826,"5899 Nichols Crossing Apt. 261 North James, MO 68795",1/3/2025,4/1/2025,,1
15886,Joseph Mccarthy,upd_jared05@example.org,-2737,"263 Wolfe Junction New Melissamouth, OR 93905",1/15/2025,4/1/2025,,1
13083,Briana Orozco,upd_rfuller@example.net,001-769-683-3252x88895,Unit 3559 Box 8609 DPO AP 51138,3/17/2025,4/1/2025,,1
18256,Brittany Galvan,upd_rspencer@example.com,651-256-0421,"43013 Smith Isle Apt. 153 Oliverview, SC 12524",3/27/2025,4/1/2025,,1
16007,Jay Mcintosh,upd_djohnson@example.net,(597)684-1261x770,"2313 Dustin Manor Hardinland, CT 78166",3/11/2025,4/1/2025,,1
16145,Brooke White,upd_danakim@example.net,264.363.7673x6289,"0814 Khan Viaduct Suite 231 Aprilland, PR 14592",1/30/2025,4/1/2025,,1
13176,Kimberly Holland,upd_foxbrandon@example.com,-9304,"03291 Brown Tunnel Apt. 785 Robertomouth, WA 58187",2/27/2025,4/1/2025,,1
16889,Peggy Thomas DDS,upd_allison74@example.com,280-292-2543,"89244 Marshall Corner North Tiffanyfort, WV 87646",3/25/2025,4/1/2025,,1
18252,Russell Reese,upd_mwoods@example.net,264-334-0342,"271 Smith Path Apt. 239 Port Sheilamouth, NV 07687",3/21/2025,4/1/2025,,1
14441,Melissa Roach,upd_kingtyler@example.org,+1-990-532-0839x52753,"5000 Ross Summit Ricardoview, KS 93586",1/11/2025,4/1/2025,,1
18184,Julia Cunningham,upd_debbiesimmons@example.com,529.621.2207,"5241 Leah Shoals Amandatown, KY 60131",1/24/2025,4/1/2025,,1
13894,Joshua Salazar,upd_brenda89@example.net,839.996.6178x1063,"0432 Gloria Lodge Apt. 047 Lake Daniel, KS 90206",1/19/2025,4/1/2025,,1
17197,Charles Brown,upd_bakerdanielle@example.com,6566138890,"5783 Susan Mountain Apt. 795 East Regina, PW 00990",2/15/2025,4/1/2025,,1
12473,Brian Lucas,upd_alexanderellis@example.org,-5790,"32286 Christopher Stravenue West Lauren, MH 63912",3/29/2025,4/1/2025,,1
14383,Kevin Stewart,upd_pklein@example.org,739.492.0075,"6054 Vincent Key Apt. 168 Jackmouth, RI 75015",3/25/2025,4/1/2025,,1
12797,Eric Walker,upd_ehill@example.net,3353565803,"0169 William Inlet Suite 425 Micheleland, MD 28345",1/31/2025,4/1/2025,,1
18075,Neil Baker,upd_trasmussen@example.com,9806921955,"0757 Brian Lane Apt. 857 South Anthonyland, CO 90828",3/27/2025,4/1/2025,,1
15104,Kelly Diaz,upd_ramosnancy@example.org,(872)618-3246x527,"7496 Trujillo Knolls Apt. 495 West Melanieville, PR 59585",3/31/2025,4/1/2025,,1
12614,Denise Allen,upd_gallegosjoshua@example.org,+1-328-582-2275x7303,"8965 Horton Mews Apt. 777 Chavezmouth, ID 98416",2/8/2025,4/1/2025,,1
12515,John Ray,upd_felicianichols@example.com,001-242-210-6246x4265,"99279 Jones Harbor South Alexanderport, CO 21816",3/17/2025,4/1/2025,,1
15829,Loretta Russell,upd_dkeith@example.com,(418)545-6425x10780,"671 Samuel Manor Suite 318 Port Brendafurt, MS 72642",1/19/2025,4/1/2025,,1
17442,Cory Moody,upd_cooperveronica@example.net,626.646.6159,"988 Welch Lake North Dan, AR 70173",2/18/2025,4/1/2025,,1
15977,Joanna Mcmillan,upd_melissa72@example.org,805.445.8958,"54820 Robert Mountain Yvonneshire, VA 20454",1/14/2025,4/1/2025,,1
12713,Zachary Anthony,upd_stephanie87@example.net,275-278-6274,"05084 Timothy Place Suite 939 North Andrewland, LA 65878",3/11/2025,4/1/2025,,1
12970,Caleb Wolf,upd_mwilliams@example.com,950.430.2806,"94543 Jamie Vista Apt. 261 North Philliphaven, NV 51454",3/14/2025,4/1/2025,,1
14214,David Evans,upd_christopher86@example.net,+1-387-500-3856x12355,"43442 Stacy Plains Dixonshire, IL 52186",2/27/2025,4/1/2025,,1
14640,Frances Stevens,upd_david74@example.com,950.218.4277x4769,"72845 Osborn Haven West Marcus, PR 88524",3/14/2025,4/1/2025,,1
15763,Karen Weaver,upd_juliaallen@example.org,(853)398-2405x95093,"PSC 3256, Box 4348 APO AA 93207",2/19/2025,4/1/2025,,1
17496,Tanya Rojas,upd_jodyjackson@example.net,(294)566-4900x55319,"09807 Glover Fork West David, MD 48384",2/5/2025,4/1/2025,,1
17255,Jacqueline Walker,upd_wendyrichardson@example.net,+1-316-745-6994x287,"0826 Baker Ridges Apt. 975 Jonesshire, MA 24674",2/5/2025,4/1/2025,,1
16791,Donna Pineda,upd_martindavid@example.org,001-671-356-7633x27642,"791 Martinez Common Suite 666 Lake Mark, LA 60595",2/15/2025,4/1/2025,,1
14765,Kimberly Archer,upd_jamesperez@example.net,480.773.9122,"9625 Martin Forks Lake Derek, AR 38965",3/8/2025,4/1/2025,,1
12747,Christine Reyes,upd_garrisontonya@example.net,331-627-0410x963,"0806 Hunt Key Loganhaven, NH 58098",1/26/2025,4/1/2025,,1
16200,Becky Hartman,upd_bauerjorge@example.net,001-861-219-6601x03353,"34071 Martin Shoals East Ann, PW 35294",1/12/2025,4/1/2025,,1
16450,Alisha Escobar,upd_melissa72@example.org,001-910-412-0435x35072,"514 Meghan Summit Suite 694 South Lindseyland, RI 44924",3/19/2025,4/1/2025,,1
16016,Benjamin Bush,upd_charleskaren@example.com,(306)594-8626,"13733 Anna Mews South Sarahfurt, FM 93227",1/19/2025,4/1/2025,,1
13538,Joseph Smith,upd_joneswendy@example.com,466.619.5727x35174,"34171 Haley Keys Apt. 589 East Ericamouth, MI 19891",3/13/2025,4/1/2025,,1
15051,Dennis Smith,upd_fsantana@example.org,001-498-879-6791x05052,"5250 Rodney Falls South Diana, ND 88133",1/12/2025,4/1/2025,,1
15142,John Morrow,upd_hernandezmatthew@example.org,001-340-324-8326x2366,"619 Ward Way Suite 281 New Annettefurt, KS 92414",1/20/2025,4/1/2025,,1
13731,David Stewart,upd_melissayoung@example.com,2154174430,Unit 6727 Box 2722 DPO AP 70837,3/15/2025,4/1/2025,,1
15844,Lee Townsend,upd_okennedy@example.org,(293)974-6983x122,"1116 Kellie Mountain Newmanview, MS 77818",1/11/2025,4/1/2025,,1
14152,Kimberly Buchanan,upd_denise00@example.com,+1-209-655-9341x67623,"42287 Smith Route North Daniel, WA 52224",1/21/2025,4/1/2025,,1
13120,Phillip Ho,upd_sandersfrederick@example.com,+1-249-548-7098x0026,"1653 Hayden Underpass West Tinaton, CO 52343",2/24/2025,4/1/2025,,1
13068,Donald Castro,upd_cheryl23@example.org,287-500-1485,"440 Walters Crescent Suite 720 Kendraborough, RI 06054",1/1/2025,4/1/2025,,1
17220,Bethany Roach,upd_zoe90@example.com,+1-363-878-5814x2980,Unit 5039 Box 7000 DPO AA 18149,3/10/2025,4/1/2025,,1
17975,Jeremy Martinez,upd_zachary03@example.org,(397)691-1210,"11134 Kristi Underpass East Joy, WY 64833",3/13/2025,4/1/2025,,1
15853,Colleen Perez,upd_chungvincent@example.org,337-603-0224,"33188 Pace Village Dunnstad, DE 31310",4/1/2025,4/1/2025,,1
14944,Linda Adams,upd_danielsmith@example.net,001-273-272-2500x03101,"52078 Sosa Brooks Suite 853 East Benjamin, WA 42006",1/5/2025,4/1/2025,,1
18045,Lisa Newman,upd_cmathis@example.org,922-743-9703x51860,"8621 Joshua Ridge Suite 963 Elizabethbury, MS 08226",2/19/2025,4/1/2025,,1
16293,Christopher Blair,upd_kimberlyharrison@example.net,001-297-845-4544x7623,USCGC Evans FPO AA 16799,1/19/2025,4/1/2025,,1
16428,Ryan Wood,upd_santiagolarry@example.net,001-748-660-5367x811,"989 Laura Mall Apt. 799 Brentbury, NV 73791",3/23/2025,4/1/2025,,1
13070,Christopher Roberts,upd_gsantana@example.net,(542)391-9548x0293,Unit 0366 Box 6587 DPO AP 07645,4/1/2025,4/1/2025,,1
13570,James Levy,upd_shellyrogers@example.com,541.674.5436x76453,USCGC Jenkins FPO AP 44338,1/4/2025,4/1/2025,,1
15990,Larry Carpenter,upd_scottlopez@example.com,+1-210-801-1361x034,"5763 Christopher Harbor Suite 510 Richardsview, NV 44033",1/3/2025,4/1/2025,,1
14713,Anita Austin,upd_wileymargaret@example.net,(505)652-2654x7279,"511 Frank Prairie Williamsfurt, CA 52691",2/26/2025,4/1/2025,,1
18119,David Robinson,upd_mcdonaldjesse@example.com,(869)921-8538,"07525 Espinoza Rest Eileenland, PW 05450",1/19/2025,4/1/2025,,1
17338,Laura Ortiz,upd_amandafranklin@example.org,+1-538-822-9810x05761,"0335 Melissa Mill Pollardbury, MS 54354",3/15/2025,4/1/2025,,1
12402,John Robinson,upd_sandrarice@example.net,919.380.4487x128,USNV Wagner FPO AA 72667,1/30/2025,4/1/2025,,1
14754,Thomas Burnett,upd_tbright@example.com,(530)463-6613x88673,"843 Marcus Ferry Chasemouth, RI 50920",3/11/2025,4/1/2025,,1
16488,Cameron Harris,upd_courtney21@example.net,659.788.8736x146,"98895 Ricardo Common Apt. 982 Shieldsfurt, ND 19456",1/5/2025,4/1/2025,,1
17995,David Edwards,upd_nicholas21@example.net,001-758-743-6956x517,"915 Ann Falls Suite 564 Jenningsshire, LA 73241",2/10/2025,4/1/2025,,1
14573,Holly Rojas,upd_ktorres@example.org,(910)424-2385,"0466 Larson Drive Brownton, MA 21701",2/27/2025,4/1/2025,,1
12748,Ryan Christian,upd_richard70@example.org,+1-740-549-1264x5589,"97350 Dean Ports Suite 847 Martinside, VI 14536",1/6/2025,4/1/2025,,1
18008,David Wheeler,upd_julie01@example.org,+1-800-305-0916x717,"90729 Wright Tunnel Michaelbury, IL 53815",1/3/2025,4/1/2025,,1
16846,Erik Knapp,upd_ruthpage@example.org,571-495-6289,"121 William Squares Apt. 066 West Nicholas, MO 78131",3/27/2025,4/1/2025,,1
17226,Samuel Ortega,upd_milesbrandy@example.net,790.776.9818,"744 Montes Ridges Paulland, MA 88064",2/9/2025,4/1/2025,,1
18276,Joseph Smith,upd_lawrence81@example.org,+1-467-738-7189x310,"76206 Steele Circle Lake Nicholas, WA 46561",1/27/2025,4/1/2025,,1
17997,Erika Carroll,upd_zgomez@example.org,001-869-917-5076x1959,"7292 Rice Glen Catherineport, GU 67553",3/7/2025,4/1/2025,,1
13368,Adam Green,upd_walkersharon@example.org,445.312.6115x971,"88035 Jessica View Suite 547 Chelseafort, NC 86337",1/11/2025,4/1/2025,,1
16800,Brandy Bentley,upd_brittany49@example.net,+1-502-761-2971x815,"0637 Ryan Plaza Suite 581 Port Michele, VA 93277",3/11/2025,4/1/2025,,1
16029,Robert Edwards,upd_scott06@example.net,-3263,"952 Michael Lane Morrismouth, OR 61072",3/25/2025,4/1/2025,,1
18288,Isaiah Smith,new_georgepayne@example.com,7064907772,"6035 Duane Forks Suite 497 Tammyport, OR 66373",2/16/2025,4/1/2025,,1
18289,Maria Ramirez,new_shannon12@example.org,+1-293-794-0945x58976,"012 Lewis Parks Suite 183 Morganview, WV 02412",3/4/2025,4/1/2025,,1
18290,Heather Pierce,new_lyonsmadison@example.org,+1-799-247-2783x472,"95517 Harper Forks Suite 831 Chelseabury, FM 95367",2/25/2025,4/1/2025,,1
18291,Brian Cameron,new_bryanaguilar@example.net,001-439-886-4343x6885,"206 Jared Crescent Suite 816 Kaylashire, HI 36923",1/29/2025,4/1/2025,,1
18292,Miguel Powell,new_jose15@example.com,966-214-4300,"26324 Evans Ville Olsonview, IA 38997",3/29/2025,4/1/2025,,1
18293,Jessica Barnes,new_igallegos@example.net,588-701-6979x681,"03762 Sheila Ville Apt. 550 North Julieville, OK 22203",2/28/2025,4/1/2025,,1
18294,James Callahan,new_karen28@example.net,289.420.5615x44812,"01100 Rosario Ramp Apt. 578 Duncanstad, FL 35974",3/3/2025,4/1/2025,,1
18295,Joshua Gross,new_waynecarson@example.net,954.216.7071x163,"291 Lynn Trafficway Smithport, MH 29410",1/4/2025,4/1/2025,,1
18296,Jennifer Hicks,new_kathleen70@example.com,(865)811-4078,Unit 0933 Box 6791 DPO AA 89562,2/21/2025,4/1/2025,,1
18297,Nathan Johnson,new_burnettjohn@example.org,(425)202-5398x613,"93921 West Turnpike Suite 678 North Michael, GA 93124",3/21/2025,4/1/2025,,1
18298,Kristine Johnson,new_angelicamartinez@example.com,671.806.0402,"17590 Green Camp Apt. 291 North Eric, MT 36295",1/16/2025,4/1/2025,,1
18299,Ruben Walters,new_james13@example.com,(801)214-1316x948,"14802 Moore Fields Apt. 850 Woodburgh, PA 12071",2/11/2025,4/1/2025,,1
18300,Andrew Gonzalez,new_jesse30@example.net,6215338539,"355 Arroyo Drive Apt. 261 Lake Joyceburgh, MO 75552",2/5/2025,4/1/2025,,1
18301,Laura Green,new_hernandezrebecca@example.com,609.728.7185,"69057 Sosa Bridge New Allisonland, MO 57315",1/26/2025,4/1/2025,,1
18302,Brian Bell,new_danielbutler@example.org,(885)831-6314,"564 Gibson Mount Floresfurt, DC 76976",3/11/2025,4/1/2025,,1
18303,Edward Dominguez,new_stephen14@example.net,824-373-5662,"8086 Weeks Crest Apt. 080 West Judith, CO 11462",3/7/2025,4/1/2025,,1
18304,Joseph Richardson,new_walshsandra@example.com,3477475704,"5708 Preston Walk Stephanieside, HI 77089",2/24/2025,4/1/2025,,1
18305,Sandra Morton,new_mary82@example.org,001-385-653-4824,"7452 Andrew Road Mackenzieshire, TX 32655",3/18/2025,4/1/2025,,1
18306,Michelle Russell,new_vgilbert@example.net,7669782700,"31278 Trevor Causeway Suite 632 Dustinshire, VA 33938",3/13/2025,4/1/2025,,1
18307,Nicole Moore,new_sarahrodgers@example.com,6057229105,"78998 William Junctions Nicholasshire, MS 44820",1/1/2025,4/1/2025,,1
18308,Nancy Simmons,new_christopher48@example.com,+1-777-716-5707x70902,"588 Tracy Village Paulside, NH 93882",2/17/2025,4/1/2025,,1
18309,Michael Baker,new_hayleynichols@example.net,811-213-6001x8644,"409 Rogers Club Apt. 942 Davidmouth, FL 11795",1/24/2025,4/1/2025,,1
18310,Dana Gray,new_jacksonoscar@example.net,348.387.3824,"9293 Scott Street Apt. 546 New Sara, VI 39526",1/20/2025,4/1/2025,,1
18311,Mark Edwards,new_elizabeth57@example.org,887.278.6709x9380,"0917 Davis Trail Suite 321 Millerhaven, TN 12744",3/22/2025,4/1/2025,,1
18312,Aaron Miller,new_vmann@example.org,7207798269,"125 King Falls New Scott, KY 81372",3/30/2025,4/1/2025,,1
18313,Alexis Fernandez,new_pottsjared@example.net,638-639-0950x33930,"9673 Dalton Greens Lake Rodneychester, OR 26203",1/5/2025,4/1/2025,,1
18314,Misty Wheeler,new_nicholas99@example.com,489.381.3477x9925,"94348 Brown Knolls Apt. 897 South Kimberly, NE 58679",1/8/2025,4/1/2025,,1
18315,Charles Rodriguez,new_dawnfreeman@example.org,001-359-386-8028x532,"3772 Michael Forge Washingtonmouth, OR 20621",3/13/2025,4/1/2025,,1
18316,William Murphy,new_kcampbell@example.net,518-944-7681x74158,"24233 Donald Isle Jeffreyfort, AR 08025",1/31/2025,4/1/2025,,1
18317,Austin Bryant,new_ghoward@example.net,893-450-6184,"46658 Hernandez Fields New Sylvia, OR 10399",2/14/2025,4/1/2025,,1
18318,Brenda Hunter,new_evanhobbs@example.com,(949)867-2295,"900 Rebecca Row Apt. 156 Lynchtown, NV 30008",1/27/2025,4/1/2025,,1
18319,Oscar Turner,new_justin99@example.org,3132593428,USNS Harris FPO AA 66197,1/19/2025,4/1/2025,,1
18320,Thomas Wilson,new_mark38@example.net,304-438-0785x2457,USNS Perez FPO AP 44740,2/2/2025,4/1/2025,,1
18321,Anthony Rogers,new_fcarr@example.com,(623)716-1995,"9878 Sherri Lock Port Jamesside, VT 65282",1/23/2025,4/1/2025,,1
18322,Michael Hernandez,new_qsanchez@example.com,+1-633-833-7225x8471,"84956 Wood Viaduct Apt. 143 Port Danny, WY 39119",2/19/2025,4/1/2025,,1
18323,James Bailey,new_gmyers@example.com,001-903-211-6609x140,"1953 Michael Cliff Apt. 639 Shelleyport, FM 56274",3/6/2025,4/1/2025,,1
18324,Larry Hawkins,new_carol90@example.org,283-409-9758,"8392 Martinez Villages Apt. 225 Travishaven, HI 31199",1/5/2025,4/1/2025,,1
18325,Jonathan Alexander,new_crystaljefferson@example.com,524-869-0721x05585,"71723 Hawkins Ports Apt. 168 Hillfurt, CO 11905",2/24/2025,4/1/2025,,1
18326,Danny Horton,new_jordanmatthew@example.com,(554)312-7311,"83625 Debra Drive Apt. 291 Lake Marystad, KY 41249",1/28/2025,4/1/2025,,1
18327,Tyler Nelson,new_pjohnson@example.net,5062625030,"24895 Rose Path Suite 018 Port Stephanietown, WA 97438",1/17/2025,4/1/2025,,1
18328,Emily Stephens,new_qsmith@example.org,633-684-3610x4290,"903 Tran Junctions New Jonathonchester, AZ 99618",1/12/2025,4/1/2025,,1
18329,Allison Costa,new_ryanwilson@example.com,+1-836-935-6335x974,"35462 Katrina Falls Stevenhaven, ID 12851",1/6/2025,4/1/2025,,1
18330,Matthew Wilson,new_sharon06@example.net,001-631-572-2209x056,"2479 Long Well West Michaelmouth, ME 42477",3/17/2025,4/1/2025,,1
18331,Zachary Anthony,new_stephanie87@example.net,275-278-6274,"05084 Timothy Place Suite 939 North Andrewland, LA 65878",3/11/2025,4/1/2025,,1
18332,Melissa Morales,new_krystalwatson@example.net,+1-613-719-0695x6472,"8567 Suzanne Fork Deniseville, GA 61754",2/20/2025,4/1/2025,,1
18333,Rachel Wilson,new_kmurphy@example.com,273.227.6955x640,"905 White Crescent Port David, HI 63830",2/23/2025,4/1/2025,,1
18334,Edwin Pineda,new_browningmichael@example.com,6115608841,"243 Mark Springs Suite 380 West Andrew, MA 05450",2/17/2025,4/1/2025,,1
18335,Patricia Gilbert,new_hlane@example.com,-1542,USNV Chavez FPO AE 68638,1/29/2025,4/1/2025,,1
18336,Keith Shelton,new_utownsend@example.net,785.961.8581,"3652 Mike Track Suite 256 Port Natasha, IA 14977",3/29/2025,4/1/2025,,1
18337,Richard Gomez,new_natasha29@example.net,(291)249-9814x1396,USNV Cardenas FPO AA 77843,1/14/2025,4/1/2025,,1
18338,Douglas Sweeney,new_allison97@example.net,-1118,"PSC 7023, Box 1904 APO AP 90482",1/31/2025,4/1/2025,,1
18339,Amanda Harris,new_bensonsheila@example.net,001-230-312-3279,"2410 Fitzpatrick Parks Suite 432 New Brittany, AK 64501",3/19/2025,4/1/2025,,1
18340,Stephanie Cain,new_jillfuentes@example.net,516-798-8108x1201,Unit 6822 Box 6452 DPO AE 83581,1/22/2025,4/1/2025,,1
18341,Jennifer Wilcox,new_rrodriguez@example.net,001-596-936-6468,"7108 Robert Parkway West Cynthia, OR 53401",3/7/2025,4/1/2025,,1
18342,Jessica Ramos,new_gpratt@example.net,+1-342-312-1512x5223,Unit 9751 Box 1778 DPO AE 18848,3/25/2025,4/1/2025,,1
18343,Denise Parker,new_jason32@example.com,(370)313-9732x51662,"123 Watson Throughway Suite 251 Port Stevenbury, MP 64133",1/26/2025,4/1/2025,,1
18344,Justin Benton,new_albert58@example.org,(482)612-3938,"1905 Denise Field Apt. 079 Rickyland, OK 64196",3/9/2025,4/1/2025,,1
18345,Tracy Hamilton,new_crichardson@example.net,(291)919-0903,"205 Jonathan Prairie Apt. 850 Evantown, MT 73819",3/20/2025,4/1/2025,,1
18346,Jennifer Moran,new_johnsontravis@example.net,969.313.3860,"4430 Jeremy Mission Vaughnchester, MP 52181",2/13/2025,4/1/2025,,1
18347,Russell Brown,new_edward50@example.com,001-281-750-3283x4454,"PSC 9480, Box 5867 APO AA 01500",3/1/2025,4/1/2025,,1
18348,Jason Patrick,new_guerreroryan@example.net,802-796-8656x159,"359 Nicholas Ridges Martinmouth, CT 43682",1/30/2025,4/1/2025,,1
18349,Dr. Colton Bray,new_katiegarrett@example.org,766.492.5783x845,"696 Christine Ferry Port Nancy, VI 23229",3/20/2025,4/1/2025,,1
18350,Dakota Deleon,new_thomasoneill@example.org,914-426-4575,"467 Benson Cape Apt. 598 New Maryton, RI 25207",2/15/2025,4/1/2025,,1
18351,Benjamin Harvey,new_ulam@example.com,001-523-929-5098x28436,"37769 David Circle Suite 146 South Josephport, GA 89705",1/3/2025,4/1/2025,,1
18352,James Lee,new_paynecarol@example.com,(846)990-4925x75735,"PSC 8123, Box 8687 APO AA 08902",1/7/2025,4/1/2025,,1
18353,Calvin Buchanan,new_melissamorrow@example.org,663.539.3518,Unit 3403 Box 9256 DPO AA 46552,1/20/2025,4/1/2025,,1
18354,Pamela Norman,new_kathyrobertson@example.org,(438)405-7718,"008 Douglas Ville Mayofort, NH 37168",2/17/2025,4/1/2025,,1
18355,Tanya Parker,new_katie43@example.org,001-347-445-4253x37332,"7042 Meghan Spurs South Danielle, VA 11891",2/16/2025,4/1/2025,,1
18356,Kevin Todd PhD,new_bakerdana@example.com,001-311-674-5966x2958,"21858 Hall Centers Lake Timothy, NH 34446",2/16/2025,4/1/2025,,1
18357,David Smith,new_ndavila@example.org,620.262.6973x815,"9877 Cobb Estates South Dillon, RI 56429",3/13/2025,4/1/2025,,1
18358,Garrett Cole,new_qwalls@example.net,770.640.6060x1678,"75212 Harper Avenue Suite 984 New Adam, IA 08376",1/10/2025,4/1/2025,,1
18359,Shane Walker,new_weissjennifer@example.com,+1-539-214-1878x68229,"382 Simon Crossing Apt. 174 Daveland, WV 72186",4/1/2025,4/1/2025,,1
18360,Mr. Gavin Malone,new_griffinmadison@example.net,986-852-0780,"8873 Wood Fork Apt. 487 Lake Meredithview, PR 92388",3/4/2025,4/1/2025,,1
18361,Nicole Green,new_hpatterson@example.net,001-296-304-6400x412,"87729 Martinez River Apt. 487 North Destinybury, VT 45624",3/18/2025,4/1/2025,,1
18362,Stephanie Owens,new_coopercrystal@example.net,(560)499-4292x58885,"PSC 8080, Box 7230 APO AA 07529",1/3/2025,4/1/2025,,1
18363,Dennis Lopez,new_wwhitaker@example.org,-8563,"8449 Mary Views Lake Amber, SD 12096",3/3/2025,4/1/2025,,1
18364,Kimberly Johnson,new_meyerlarry@example.net,(928)485-5546x30302,"07678 Johnson Hills Suite 498 East Charles, FM 42619",2/16/2025,4/1/2025,,1
18365,Karen Horn,new_lori68@example.com,001-921-668-6688x031,"367 Mccormick Drive Apt. 261 Rodriguezshire, PR 67749",3/28/2025,4/1/2025,,1
18366,Katherine Marshall,new_ewilliams@example.com,9024923732,"3395 William Walk Apt. 240 West Christopher, NY 18791",3/28/2025,4/1/2025,,1
18367,Debra Young,new_mariahgreen@example.org,851-447-8517x5092,"9921 Christian Street Suite 345 East Jeffreymouth, ME 37131",3/4/2025,4/1/2025,,1
18368,John Anderson,new_amber91@example.net,383-229-7279,"9884 Perry Falls Apt. 183 Greenview, GA 79404",3/21/2025,4/1/2025,,1
18369,Joshua Juarez,new_breanna35@example.org,748-210-5797x68343,"280 Robert Highway Susanview, CO 54201",2/5/2025,4/1/2025,,1
18370,Emily Robinson,new_melissa75@example.net,271.899.7485x24208,"06248 Matthew Plaza West Carlamouth, NY 64743",3/19/2025,4/1/2025,,1
18371,David Crosby,new_ocherry@example.org,5295409265,"113 Megan Street Suite 314 South Kenneth, GA 71826",2/21/2025,4/1/2025,,1
18372,Marie Powers,new_sanchezamy@example.org,(662)527-4339x8298,"99670 Christensen Ports Suite 306 South Cory, NC 24635",3/1/2025,4/1/2025,,1
18373,Kimberly Nixon,new_jessica63@example.net,+1-324-231-9580x0398,"846 Fuentes Park Lake Bryan, PW 04577",3/20/2025,4/1/2025,,1
18374,Christine Johnson,new_ssmith@example.org,961-291-0552x453,"14313 Thomas Overpass Timothyside, NH 29955",1/31/2025,4/1/2025,,1
